product_id,batch_id,supplier_id,material,origin_country,credential_status,missing_link,risk_score,data_origin
MANN-0026,B-3804,Supplier-A,Nickel,Germany,missing,0,0.481,synthetic
MANN-0078,B-3793,Supplier-E,Nickel,Netherlands,valid,0,0.09,synthetic
MANN-0077,B-3547,Supplier-B,Manganese,Netherlands,expired,0,0.252,synthetic
MANN-0002,B-1536,Supplier-B,Nickel,France,valid,0,0.132,synthetic
MANN-0044,B-7127,Supplier-C,Steel,Germany,valid,0,0.269,synthetic
MANN-0079,B-3404,Supplier-C,Manganese,Netherlands,expired,0,0.42,synthetic
MANN-0056,B-2449,Supplier-B,Steel,Sweden,valid,0,0.408,synthetic
MANN-0008,B-9867,Supplier-A,Chromium,Sweden,valid,1,0.423,synthetic
MANN-0061,B-1591,Supplier-B,Nickel,France,expired,0,0.518,synthetic
MANN-0002,B-8772,Supplier-D,Carbon,Poland,expired,0,0.477,synthetic
MANN-0042,B-6954,Supplier-B,Steel,Poland,expired,1,0.877,synthetic
MANN-0068,B-3066,Supplier-D,Carbon,Poland,valid,0,0.065,synthetic
MANN-0043,B-1128,Supplier-E,Nickel,France,valid,0,0.41,synthetic
MANN-0052,B-6208,Supplier-A,Chromium,Sweden,valid,0,0.136,synthetic
MANN-0014,B-8574,Supplier-A,Chromium,Netherlands,valid,0,0.392,synthetic
MANN-0028,B-8287,Supplier-B,Carbon,France,expired,0,0.356,synthetic
MANN-0079,B-6359,Supplier-B,Manganese,Sweden,valid,0,0.116,synthetic
MANN-0022,B-2252,Supplier-C,Chromium,Poland,expired,0,0.318,synthetic
MANN-0026,B-4279,Supplier-A,Steel,Sweden,expired,0,0.568,synthetic
MANN-0039,B-2502,Supplier-B,Carbon,Poland,valid,0,0.382,synthetic
MANN-0010,B-3005,Supplier-A,Nickel,Germany,missing,0,0.567,synthetic
MANN-0038,B-1388,Supplier-C,Chromium,Germany,valid,0,0.339,synthetic
MANN-0002,B-7503,Supplier-D,Carbon,France,missing,0,0.722,synthetic
MANN-0048,B-5486,Supplier-B,Steel,France,valid,0,0.252,synthetic
MANN-0076,B-5119,Supplier-D,Nickel,Poland,valid,0,0.33,synthetic
MANN-0033,B-4562,Supplier-E,Nickel,France,valid,0,0.242,synthetic
MANN-0030,B-3280,Supplier-B,Carbon,Germany,valid,0,0.405,synthetic
MANN-0053,B-6518,Supplier-B,Chromium,Poland,expired,0,0.388,synthetic
MANN-0070,B-3024,Supplier-C,Manganese,Germany,missing,0,0.66,synthetic
MANN-0016,B-2260,Supplier-E,Carbon,Germany,valid,0,0.067,synthetic
MANN-0017,B-6335,Supplier-A,Chromium,France,valid,0,0.312,synthetic
MANN-0016,B-4834,Supplier-C,Carbon,Germany,valid,0,0.37,synthetic
MANN-0052,B-9724,Supplier-B,Carbon,Germany,valid,0,0.285,synthetic
MANN-0005,B-4210,Supplier-A,Manganese,Poland,expired,1,0.743,synthetic
MANN-0019,B-8944,Supplier-E,Carbon,Netherlands,missing,1,0.958,synthetic
MANN-0013,B-5334,Supplier-B,Nickel,Poland,missing,0,0.471,synthetic
MANN-0056,B-1190,Supplier-A,Nickel,France,valid,0,0.217,synthetic
MANN-0067,B-2648,Supplier-A,Nickel,Germany,missing,0,0.625,synthetic
MANN-0042,B-8834,Supplier-B,Nickel,Poland,valid,0,0.449,synthetic
MANN-0055,B-4607,Supplier-A,Manganese,Poland,valid,0,0.278,synthetic
MANN-0045,B-1853,Supplier-D,Chromium,Germany,valid,0,0.22,synthetic
MANN-0027,B-4180,Supplier-D,Chromium,Netherlands,missing,0,0.669,synthetic
MANN-0036,B-9126,Supplier-B,Steel,France,expired,0,0.288,synthetic
MANN-0071,B-1695,Supplier-D,Manganese,Netherlands,valid,0,0.064,synthetic
MANN-0068,B-4498,Supplier-E,Manganese,Netherlands,valid,0,0.141,synthetic
MANN-0068,B-9264,Supplier-E,Chromium,Sweden,valid,0,0.192,synthetic
MANN-0051,B-8591,Supplier-D,Chromium,Sweden,missing,0,0.59,synthetic
MANN-0079,B-2816,Supplier-D,Manganese,Germany,valid,0,0.15,synthetic
MANN-0054,B-4965,Supplier-E,Chromium,France,valid,0,0.295,synthetic
MANN-0041,B-7444,Supplier-C,Chromium,Poland,expired,0,0.46,synthetic
MANN-0029,B-6866,Supplier-A,Chromium,Sweden,valid,0,0.16,synthetic
MANN-0040,B-1506,Supplier-C,Manganese,Netherlands,valid,0,0.069,synthetic
MANN-0022,B-2649,Supplier-C,Nickel,Germany,valid,0,0.328,synthetic
MANN-0007,B-5634,Supplier-E,Steel,Germany,missing,1,0.715,synthetic
MANN-0053,B-3756,Supplier-D,Steel,Netherlands,valid,1,0.517,synthetic
MANN-0054,B-1573,Supplier-D,Chromium,Sweden,valid,1,0.44,synthetic
MANN-0044,B-9996,Supplier-D,Carbon,Germany,valid,0,0.323,synthetic
MANN-0047,B-9494,Supplier-C,Nickel,Poland,valid,0,0.258,synthetic
MANN-0021,B-7279,Supplier-C,Manganese,Germany,valid,0,0.254,synthetic
MANN-0073,B-2472,Supplier-D,Carbon,Poland,missing,0,0.431,synthetic
MANN-0070,B-6360,Supplier-B,Carbon,Sweden,expired,0,0.371,synthetic
MANN-0021,B-7817,Supplier-A,Chromium,Sweden,valid,0,0.3,synthetic
MANN-0040,B-4847,Supplier-B,Manganese,France,missing,0,0.404,synthetic
MANN-0057,B-1264,Supplier-D,Chromium,Netherlands,expired,0,0.348,synthetic
MANN-0012,B-4683,Supplier-B,Steel,Germany,valid,0,0.188,synthetic
MANN-0038,B-3924,Supplier-E,Steel,Sweden,valid,0,0.364,synthetic
MANN-0044,B-8380,Supplier-A,Chromium,Poland,missing,0,0.692,synthetic
MANN-0075,B-8883,Supplier-A,Carbon,Sweden,missing,0,0.662,synthetic
MANN-0042,B-3203,Supplier-D,Carbon,Sweden,expired,0,0.612,synthetic
MANN-0013,B-3706,Supplier-A,Manganese,Poland,missing,0,0.741,synthetic
MANN-0072,B-3509,Supplier-B,Carbon,Netherlands,expired,1,0.753,synthetic
MANN-0019,B-4858,Supplier-A,Steel,Sweden,valid,0,0.056,synthetic
MANN-0066,B-1129,Supplier-D,Carbon,France,missing,0,0.361,synthetic
MANN-0018,B-8877,Supplier-A,Manganese,Poland,valid,0,0.171,synthetic
MANN-0019,B-1157,Supplier-E,Chromium,Sweden,valid,0,0.225,synthetic
MANN-0055,B-4112,Supplier-E,Chromium,Sweden,missing,0,0.357,synthetic
MANN-0009,B-3079,Supplier-A,Carbon,France,expired,0,0.371,synthetic
MANN-0060,B-6145,Supplier-D,Nickel,Poland,valid,0,0.44,synthetic
MANN-0019,B-6857,Supplier-A,Manganese,Sweden,expired,0,0.422,synthetic
MANN-0077,B-1365,Supplier-D,Chromium,Netherlands,valid,1,0.631,synthetic
MANN-0049,B-9487,Supplier-D,Steel,Sweden,expired,1,0.844,synthetic
MANN-0027,B-2494,Supplier-E,Carbon,France,valid,0,0.315,synthetic
MANN-0014,B-5673,Supplier-E,Carbon,Sweden,valid,0,0.118,synthetic
MANN-0077,B-5621,Supplier-E,Nickel,Germany,missing,0,0.735,synthetic
MANN-0004,B-9052,Supplier-C,Chromium,Sweden,valid,0,0.353,synthetic
MANN-0045,B-3524,Supplier-A,Chromium,Netherlands,valid,0,0.328,synthetic
MANN-0028,B-2260,Supplier-B,Carbon,Netherlands,valid,0,0.249,synthetic
MANN-0051,B-3421,Supplier-C,Chromium,Sweden,valid,0,0.075,synthetic
MANN-0062,B-5157,Supplier-B,Carbon,Netherlands,valid,0,0.204,synthetic
MANN-0044,B-9974,Supplier-B,Nickel,Netherlands,valid,1,0.642,synthetic
MANN-0012,B-8200,Supplier-D,Chromium,Germany,expired,1,0.77,synthetic
MANN-0037,B-2020,Supplier-C,Carbon,Netherlands,expired,1,0.896,synthetic
MANN-0015,B-6431,Supplier-B,Manganese,Poland,valid,0,0.248,synthetic
MANN-0013,B-7638,Supplier-C,Chromium,Netherlands,valid,0,0.183,synthetic
MANN-0031,B-2158,Supplier-D,Steel,Germany,missing,0,0.727,synthetic
MANN-0072,B-1875,Supplier-B,Nickel,Germany,missing,1,0.887,synthetic
MANN-0018,B-5902,Supplier-E,Chromium,France,missing,0,0.522,synthetic
MANN-0072,B-4998,Supplier-D,Nickel,Germany,expired,0,0.259,synthetic
MANN-0027,B-8943,Supplier-A,Nickel,France,missing,0,0.48,synthetic
MANN-0078,B-7250,Supplier-A,Manganese,Germany,missing,0,0.518,synthetic
MANN-0064,B-2894,Supplier-D,Steel,Sweden,missing,0,0.557,synthetic
MANN-0050,B-4416,Supplier-B,Manganese,Sweden,missing,0,0.701,synthetic
MANN-0065,B-9930,Supplier-A,Manganese,Sweden,missing,0,0.724,synthetic
MANN-0004,B-7881,Supplier-A,Nickel,France,missing,0,0.701,synthetic
MANN-0009,B-3351,Supplier-D,Nickel,Germany,valid,0,0.222,synthetic
MANN-0048,B-1221,Supplier-E,Steel,France,valid,0,0.127,synthetic
MANN-0039,B-5979,Supplier-E,Chromium,Netherlands,valid,0,0.372,synthetic
MANN-0047,B-2083,Supplier-E,Carbon,Sweden,expired,0,0.286,synthetic
MANN-0032,B-8799,Supplier-E,Steel,France,valid,0,0.213,synthetic
MANN-0073,B-7077,Supplier-D,Steel,Poland,valid,0,0.07,synthetic
MANN-0009,B-7179,Supplier-E,Carbon,Sweden,valid,0,0.09,synthetic
MANN-0070,B-9590,Supplier-E,Chromium,Sweden,missing,0,0.746,synthetic
MANN-0076,B-4245,Supplier-D,Carbon,France,valid,0,0.165,synthetic
MANN-0042,B-7628,Supplier-D,Carbon,France,missing,0,0.386,synthetic
MANN-0070,B-6470,Supplier-A,Nickel,Sweden,valid,0,0.187,synthetic
MANN-0013,B-1690,Supplier-D,Steel,Germany,expired,0,0.323,synthetic
MANN-0023,B-1273,Supplier-C,Steel,France,valid,0,0.386,synthetic
MANN-0055,B-2854,Supplier-E,Manganese,Poland,valid,0,0.117,synthetic
MANN-0035,B-6022,Supplier-C,Nickel,Sweden,expired,0,0.357,synthetic
MANN-0023,B-8849,Supplier-E,Carbon,Germany,valid,0,0.137,synthetic
MANN-0013,B-3531,Supplier-E,Carbon,Sweden,valid,0,0.085,synthetic
MANN-0053,B-4865,Supplier-D,Carbon,Poland,expired,0,0.524,synthetic
MANN-0035,B-8808,Supplier-A,Carbon,France,missing,0,0.381,synthetic
MANN-0020,B-8940,Supplier-B,Chromium,Sweden,valid,0,0.281,synthetic
MANN-0022,B-7699,Supplier-A,Chromium,Sweden,valid,0,0.15,synthetic
MANN-0059,B-5391,Supplier-B,Carbon,Poland,valid,1,0.413,synthetic
MANN-0034,B-6502,Supplier-D,Steel,Poland,valid,0,0.277,synthetic
MANN-0017,B-2834,Supplier-C,Steel,Poland,expired,0,0.51,synthetic
MANN-0033,B-6646,Supplier-A,Steel,France,missing,0,0.599,synthetic
MANN-0050,B-3001,Supplier-B,Carbon,Germany,expired,0,0.344,synthetic
MANN-0006,B-9142,Supplier-D,Manganese,Netherlands,valid,0,0.33,synthetic
MANN-0040,B-4000,Supplier-C,Steel,Germany,missing,0,0.701,synthetic
MANN-0062,B-3986,Supplier-E,Manganese,Germany,valid,0,0.333,synthetic
MANN-0054,B-9444,Supplier-B,Nickel,Germany,valid,0,0.282,synthetic
MANN-0065,B-4528,Supplier-C,Nickel,Netherlands,valid,0,0.093,synthetic
MANN-0050,B-3574,Supplier-C,Nickel,Sweden,valid,0,0.187,synthetic
MANN-0042,B-9432,Supplier-C,Chromium,Germany,missing,0,0.441,synthetic
MANN-0060,B-9870,Supplier-A,Nickel,Netherlands,expired,0,0.348,synthetic
MANN-0065,B-2789,Supplier-D,Chromium,Poland,valid,0,0.337,synthetic
MANN-0004,B-7148,Supplier-C,Chromium,Sweden,valid,1,0.576,synthetic
MANN-0029,B-3235,Supplier-E,Chromium,Sweden,valid,0,0.429,synthetic
MANN-0053,B-7872,Supplier-E,Manganese,Sweden,expired,0,0.65,synthetic
MANN-0006,B-7832,Supplier-C,Steel,Poland,expired,0,0.294,synthetic
MANN-0009,B-7623,Supplier-B,Manganese,Netherlands,expired,0,0.372,synthetic
MANN-0002,B-1284,Supplier-A,Steel,Poland,expired,0,0.326,synthetic
MANN-0017,B-2274,Supplier-D,Nickel,France,missing,0,0.483,synthetic
MANN-0048,B-6023,Supplier-D,Carbon,Sweden,missing,0,0.742,synthetic
MANN-0047,B-5653,Supplier-C,Nickel,Sweden,expired,0,0.546,synthetic
MANN-0069,B-5062,Supplier-C,Chromium,Poland,valid,0,0.288,synthetic
MANN-0056,B-3984,Supplier-B,Steel,Poland,expired,0,0.582,synthetic
MANN-0039,B-2579,Supplier-A,Manganese,Poland,valid,0,0.232,synthetic
MANN-0011,B-3664,Supplier-D,Nickel,Germany,valid,1,0.439,synthetic
MANN-0053,B-1358,Supplier-A,Nickel,France,valid,0,0.328,synthetic
MANN-0025,B-2321,Supplier-D,Nickel,Sweden,valid,0,0.052,synthetic
MANN-0003,B-9165,Supplier-B,Chromium,Germany,valid,0,0.12,synthetic
MANN-0039,B-5753,Supplier-E,Manganese,Netherlands,valid,0,0.082,synthetic
MANN-0026,B-1093,Supplier-E,Nickel,Poland,missing,0,0.473,synthetic
MANN-0038,B-6272,Supplier-D,Carbon,France,valid,0,0.328,synthetic
MANN-0059,B-4627,Supplier-E,Chromium,France,expired,0,0.566,synthetic
MANN-0025,B-8628,Supplier-A,Chromium,France,valid,0,0.449,synthetic
MANN-0015,B-8580,Supplier-E,Manganese,Germany,valid,0,0.062,synthetic
MANN-0015,B-7480,Supplier-D,Chromium,Poland,missing,0,0.47,synthetic
MANN-0057,B-7090,Supplier-C,Manganese,Germany,valid,0,0.185,synthetic
MANN-0051,B-3542,Supplier-C,Nickel,Germany,missing,0,0.436,synthetic
MANN-0025,B-7816,Supplier-E,Nickel,France,valid,0,0.13,synthetic
MANN-0068,B-6479,Supplier-D,Nickel,Poland,valid,1,0.38,synthetic
MANN-0051,B-6441,Supplier-A,Chromium,Netherlands,valid,1,0.451,synthetic
MANN-0048,B-3992,Supplier-C,Steel,France,expired,0,0.605,synthetic
MANN-0061,B-9062,Supplier-E,Chromium,Germany,valid,0,0.3,synthetic
MANN-0051,B-5720,Supplier-A,Manganese,Poland,valid,0,0.372,synthetic
MANN-0073,B-3330,Supplier-E,Nickel,Germany,missing,1,0.763,synthetic
MANN-0017,B-1303,Supplier-E,Nickel,Poland,missing,0,0.623,synthetic
MANN-0010,B-8858,Supplier-E,Manganese,Germany,expired,0,0.438,synthetic
MANN-0075,B-7757,Supplier-A,Carbon,France,valid,0,0.369,synthetic
MANN-0036,B-2483,Supplier-A,Steel,Sweden,valid,1,0.696,synthetic
MANN-0048,B-9755,Supplier-C,Chromium,Germany,valid,0,0.152,synthetic
MANN-0048,B-6209,Supplier-B,Manganese,Sweden,valid,0,0.173,synthetic
MANN-0057,B-7748,Supplier-C,Carbon,Sweden,valid,0,0.179,synthetic
MANN-0034,B-5136,Supplier-A,Chromium,Germany,missing,0,0.433,synthetic
MANN-0040,B-6419,Supplier-D,Chromium,Sweden,missing,0,0.525,synthetic
MANN-0046,B-2794,Supplier-C,Chromium,France,valid,0,0.256,synthetic
MANN-0044,B-5651,Supplier-C,Nickel,Poland,valid,0,0.408,synthetic
MANN-0030,B-6278,Supplier-E,Nickel,Netherlands,valid,0,0.123,synthetic
MANN-0010,B-2282,Supplier-E,Chromium,Germany,valid,0,0.248,synthetic
MANN-0078,B-2087,Supplier-E,Steel,Germany,valid,0,0.398,synthetic
MANN-0037,B-5972,Supplier-B,Chromium,Poland,valid,0,0.079,synthetic
MANN-0003,B-3881,Supplier-E,Nickel,Germany,valid,0,0.234,synthetic
MANN-0003,B-5656,Supplier-A,Manganese,France,valid,0,0.085,synthetic
MANN-0032,B-1969,Supplier-E,Carbon,Germany,valid,0,0.434,synthetic
MANN-0045,B-9780,Supplier-E,Nickel,France,valid,0,0.12,synthetic
MANN-0006,B-5028,Supplier-E,Chromium,Sweden,expired,0,0.28,synthetic
MANN-0014,B-6656,Supplier-B,Carbon,Sweden,valid,0,0.425,synthetic
MANN-0011,B-8308,Supplier-A,Carbon,Netherlands,expired,0,0.374,synthetic
MANN-0058,B-3921,Supplier-D,Chromium,Germany,missing,0,0.555,synthetic
MANN-0029,B-9878,Supplier-C,Manganese,Sweden,valid,0,0.158,synthetic
MANN-0044,B-3183,Supplier-C,Chromium,Poland,valid,0,0.435,synthetic
MANN-0076,B-1676,Supplier-C,Chromium,Netherlands,valid,0,0.224,synthetic
MANN-0051,B-9306,Supplier-E,Nickel,France,missing,0,0.537,synthetic
MANN-0017,B-7400,Supplier-E,Nickel,France,missing,0,0.71,synthetic
MANN-0034,B-1552,Supplier-A,Manganese,Netherlands,expired,0,0.487,synthetic
MANN-0007,B-9639,Supplier-B,Chromium,Sweden,expired,0,0.33,synthetic
MANN-0016,B-2867,Supplier-A,Steel,Germany,valid,0,0.304,synthetic
MANN-0008,B-7848,Supplier-A,Steel,Sweden,valid,0,0.423,synthetic
MANN-0071,B-2200,Supplier-D,Nickel,Netherlands,valid,1,0.657,synthetic
MANN-0027,B-1937,Supplier-A,Carbon,Germany,valid,0,0.178,synthetic
MANN-0031,B-6381,Supplier-D,Carbon,France,valid,0,0.38,synthetic
MANN-0014,B-1463,Supplier-B,Steel,France,valid,0,0.161,synthetic
MANN-0053,B-3766,Supplier-D,Manganese,Netherlands,valid,0,0.186,synthetic
MANN-0077,B-3369,Supplier-E,Manganese,Netherlands,valid,0,0.404,synthetic
MANN-0073,B-4905,Supplier-B,Chromium,Netherlands,valid,0,0.25,synthetic
MANN-0002,B-9749,Supplier-B,Carbon,Sweden,valid,0,0.407,synthetic
MANN-0033,B-4145,Supplier-D,Steel,Germany,expired,0,0.37,synthetic
MANN-0002,B-1511,Supplier-B,Carbon,Germany,expired,0,0.594,synthetic
MANN-0008,B-2111,Supplier-C,Manganese,Sweden,valid,0,0.199,synthetic
MANN-0049,B-9114,Supplier-C,Nickel,France,expired,0,0.443,synthetic
MANN-0002,B-8684,Supplier-A,Carbon,Netherlands,valid,0,0.283,synthetic
MANN-0027,B-2153,Supplier-C,Chromium,Netherlands,expired,0,0.577,synthetic
MANN-0013,B-5870,Supplier-C,Steel,Sweden,valid,0,0.205,synthetic
MANN-0011,B-4404,Supplier-C,Steel,France,valid,0,0.315,synthetic
MANN-0040,B-7050,Supplier-C,Chromium,Netherlands,missing,0,0.622,synthetic
MANN-0057,B-6962,Supplier-A,Manganese,Netherlands,expired,0,0.493,synthetic
MANN-0066,B-2953,Supplier-D,Manganese,Germany,valid,0,0.1,synthetic
MANN-0008,B-7361,Supplier-A,Carbon,France,missing,0,0.683,synthetic
MANN-0034,B-9982,Supplier-A,Steel,Netherlands,missing,0,0.718,synthetic
MANN-0046,B-4403,Supplier-B,Chromium,France,valid,0,0.14,synthetic
MANN-0051,B-1258,Supplier-A,Carbon,Germany,missing,0,0.392,synthetic
MANN-0033,B-9533,Supplier-B,Carbon,Netherlands,missing,0,0.432,synthetic
MANN-0067,B-2887,Supplier-A,Nickel,France,missing,0,0.707,synthetic
MANN-0061,B-2181,Supplier-B,Carbon,Germany,valid,0,0.108,synthetic
MANN-0049,B-7503,Supplier-B,Chromium,Poland,missing,0,0.745,synthetic
MANN-0079,B-2695,Supplier-B,Nickel,France,valid,0,0.136,synthetic
MANN-0064,B-1175,Supplier-C,Nickel,Sweden,missing,0,0.542,synthetic
MANN-0027,B-8815,Supplier-B,Chromium,Poland,expired,0,0.476,synthetic
MANN-0018,B-5951,Supplier-E,Carbon,Netherlands,expired,0,0.644,synthetic
MANN-0037,B-7778,Supplier-B,Manganese,Sweden,valid,1,0.52,synthetic
MANN-0035,B-2245,Supplier-A,Carbon,France,valid,0,0.367,synthetic
MANN-0038,B-3478,Supplier-B,Carbon,Sweden,expired,0,0.302,synthetic
MANN-0042,B-8252,Supplier-C,Nickel,Netherlands,missing,0,0.435,synthetic
MANN-0048,B-7863,Supplier-A,Nickel,Sweden,valid,0,0.178,synthetic
MANN-0044,B-1767,Supplier-A,Carbon,Netherlands,missing,0,0.565,synthetic
MANN-0008,B-9623,Supplier-D,Manganese,Germany,expired,0,0.576,synthetic
MANN-0054,B-7484,Supplier-C,Carbon,Germany,valid,0,0.086,synthetic
MANN-0005,B-5397,Supplier-A,Nickel,France,valid,0,0.373,synthetic
MANN-0012,B-7875,Supplier-B,Steel,Poland,valid,0,0.403,synthetic
MANN-0028,B-4658,Supplier-A,Nickel,France,expired,0,0.387,synthetic
MANN-0030,B-8910,Supplier-E,Steel,Poland,valid,0,0.243,synthetic
MANN-0028,B-5293,Supplier-C,Manganese,France,valid,0,0.354,synthetic
MANN-0019,B-8072,Supplier-E,Manganese,Poland,valid,0,0.263,synthetic
MANN-0050,B-9806,Supplier-A,Steel,Netherlands,missing,0,0.376,synthetic
MANN-0027,B-8526,Supplier-E,Manganese,France,missing,0,0.556,synthetic
MANN-0046,B-5376,Supplier-A,Chromium,Germany,missing,0,0.632,synthetic
MANN-0007,B-2970,Supplier-E,Manganese,Netherlands,valid,1,0.333,synthetic
MANN-0029,B-1979,Supplier-A,Carbon,France,missing,0,0.355,synthetic
MANN-0033,B-2496,Supplier-E,Chromium,Sweden,valid,0,0.45,synthetic
MANN-0067,B-8808,Supplier-C,Nickel,Poland,expired,0,0.367,synthetic
MANN-0033,B-4500,Supplier-C,Carbon,France,valid,0,0.121,synthetic
MANN-0038,B-7246,Supplier-D,Chromium,Germany,valid,0,0.101,synthetic
MANN-0069,B-3490,Supplier-D,Steel,Germany,valid,0,0.162,synthetic
MANN-0017,B-6464,Supplier-E,Manganese,Sweden,valid,0,0.097,synthetic
MANN-0079,B-3867,Supplier-B,Carbon,Sweden,expired,0,0.602,synthetic
MANN-0011,B-5338,Supplier-D,Steel,Sweden,missing,0,0.625,synthetic
MANN-0028,B-2891,Supplier-A,Manganese,Germany,missing,0,0.567,synthetic
MANN-0026,B-6668,Supplier-A,Chromium,Germany,valid,0,0.058,synthetic
MANN-0064,B-4369,Supplier-C,Steel,Germany,valid,0,0.373,synthetic
MANN-0019,B-2000,Supplier-C,Chromium,Sweden,valid,0,0.248,synthetic
MANN-0008,B-8306,Supplier-D,Carbon,France,valid,0,0.166,synthetic
MANN-0079,B-7316,Supplier-E,Chromium,Netherlands,valid,0,0.375,synthetic
MANN-0069,B-8913,Supplier-A,Chromium,Sweden,missing,0,0.433,synthetic
MANN-0022,B-7154,Supplier-C,Steel,Netherlands,valid,0,0.148,synthetic
MANN-0012,B-3141,Supplier-D,Carbon,Netherlands,valid,0,0.309,synthetic
MANN-0057,B-3296,Supplier-C,Carbon,Poland,expired,0,0.295,synthetic
MANN-0076,B-1388,Supplier-C,Carbon,France,expired,0,0.405,synthetic
MANN-0077,B-6855,Supplier-B,Steel,Sweden,valid,0,0.192,synthetic
MANN-0001,B-5134,Supplier-C,Nickel,Netherlands,missing,0,0.458,synthetic
MANN-0063,B-1794,Supplier-D,Chromium,Germany,valid,0,0.283,synthetic
MANN-0059,B-8154,Supplier-E,Nickel,Sweden,valid,0,0.128,synthetic
MANN-0005,B-9300,Supplier-E,Chromium,Sweden,valid,1,0.34,synthetic
MANN-0073,B-5306,Supplier-B,Nickel,Sweden,valid,0,0.236,synthetic
MANN-0044,B-6394,Supplier-C,Carbon,Netherlands,valid,0,0.234,synthetic
MANN-0077,B-2465,Supplier-A,Manganese,Sweden,valid,0,0.16,synthetic
MANN-0012,B-3529,Supplier-B,Carbon,Germany,valid,0,0.208,synthetic
MANN-0054,B-5290,Supplier-E,Manganese,France,valid,0,0.127,synthetic
MANN-0050,B-1934,Supplier-E,Nickel,Netherlands,valid,0,0.311,synthetic
MANN-0033,B-9984,Supplier-B,Chromium,France,expired,0,0.636,synthetic
MANN-0069,B-6711,Supplier-E,Chromium,Sweden,missing,0,0.705,synthetic
MANN-0059,B-7234,Supplier-A,Nickel,Sweden,valid,1,0.68,synthetic
MANN-0032,B-7910,Supplier-C,Manganese,Sweden,valid,0,0.187,synthetic
MANN-0038,B-9466,Supplier-D,Carbon,Netherlands,valid,0,0.26,synthetic
MANN-0072,B-6099,Supplier-E,Chromium,Germany,expired,0,0.378,synthetic
MANN-0061,B-9423,Supplier-E,Steel,Netherlands,expired,0,0.524,synthetic
MANN-0046,B-5829,Supplier-A,Chromium,Germany,expired,0,0.643,synthetic
MANN-0029,B-6483,Supplier-C,Steel,Netherlands,expired,0,0.424,synthetic
MANN-0061,B-1109,Supplier-A,Carbon,Germany,missing,0,0.351,synthetic
MANN-0053,B-7200,Supplier-C,Manganese,Sweden,valid,0,0.061,synthetic
MANN-0019,B-7773,Supplier-B,Manganese,Netherlands,missing,0,0.522,synthetic
MANN-0064,B-2518,Supplier-D,Nickel,Netherlands,valid,0,0.224,synthetic
MANN-0012,B-8507,Supplier-C,Nickel,Sweden,valid,0,0.134,synthetic
MANN-0071,B-5726,Supplier-A,Nickel,Sweden,expired,0,0.27,synthetic
MANN-0017,B-1428,Supplier-B,Manganese,Netherlands,expired,0,0.588,synthetic
MANN-0030,B-8865,Supplier-E,Chromium,France,missing,0,0.414,synthetic
MANN-0040,B-4242,Supplier-D,Chromium,France,valid,0,0.325,synthetic
MANN-0074,B-2491,Supplier-A,Carbon,Sweden,valid,0,0.055,synthetic
MANN-0055,B-4594,Supplier-D,Manganese,France,valid,0,0.102,synthetic
MANN-0048,B-6828,Supplier-E,Manganese,Poland,valid,0,0.211,synthetic
MANN-0033,B-5235,Supplier-E,Manganese,Sweden,valid,0,0.17,synthetic
MANN-0074,B-7968,Supplier-E,Carbon,Germany,valid,0,0.092,synthetic
MANN-0031,B-1500,Supplier-C,Steel,Sweden,missing,0,0.371,synthetic
MANN-0060,B-5567,Supplier-D,Nickel,Germany,valid,0,0.356,synthetic
MANN-0062,B-6822,Supplier-E,Carbon,Germany,expired,0,0.286,synthetic
MANN-0021,B-4790,Supplier-E,Nickel,Germany,valid,0,0.279,synthetic
MANN-0049,B-4909,Supplier-D,Chromium,France,expired,0,0.436,synthetic
MANN-0038,B-9430,Supplier-D,Manganese,Poland,valid,0,0.074,synthetic
MANN-0002,B-3753,Supplier-D,Steel,Poland,valid,1,0.547,synthetic
MANN-0038,B-9926,Supplier-C,Nickel,Germany,valid,0,0.408,synthetic
MANN-0021,B-7043,Supplier-D,Nickel,Poland,valid,0,0.193,synthetic
MANN-0043,B-2238,Supplier-A,Steel,France,missing,0,0.749,synthetic
MANN-0071,B-6068,Supplier-C,Steel,France,valid,1,0.513,synthetic
MANN-0077,B-9216,Supplier-B,Carbon,Netherlands,valid,0,0.407,synthetic
MANN-0052,B-1550,Supplier-D,Carbon,Sweden,valid,0,0.226,synthetic
MANN-0072,B-5923,Supplier-D,Nickel,Germany,valid,0,0.106,synthetic
MANN-0026,B-4527,Supplier-A,Steel,Sweden,valid,0,0.377,synthetic
MANN-0042,B-9416,Supplier-D,Nickel,Germany,expired,0,0.358,synthetic
MANN-0037,B-2040,Supplier-A,Chromium,Netherlands,expired,1,0.636,synthetic
MANN-0003,B-8221,Supplier-D,Manganese,France,valid,0,0.279,synthetic
MANN-0051,B-4096,Supplier-A,Manganese,France,expired,0,0.339,synthetic
MANN-0048,B-1363,Supplier-E,Manganese,Poland,expired,0,0.403,synthetic
MANN-0011,B-5577,Supplier-A,Carbon,France,expired,0,0.642,synthetic
MANN-0034,B-3519,Supplier-D,Nickel,Sweden,valid,0,0.239,synthetic
MANN-0002,B-5030,Supplier-A,Manganese,France,expired,0,0.375,synthetic
MANN-0058,B-6155,Supplier-C,Steel,Germany,missing,0,0.507,synthetic
MANN-0015,B-4630,Supplier-C,Nickel,Germany,missing,0,0.707,synthetic
MANN-0001,B-1479,Supplier-E,Chromium,France,valid,1,0.6,synthetic
MANN-0054,B-6978,Supplier-E,Nickel,Germany,expired,0,0.312,synthetic
MANN-0034,B-6353,Supplier-C,Manganese,Netherlands,valid,1,0.486,synthetic
MANN-0030,B-1275,Supplier-D,Carbon,Sweden,valid,0,0.316,synthetic
MANN-0064,B-6434,Supplier-B,Nickel,Poland,valid,0,0.352,synthetic
MANN-0039,B-1738,Supplier-C,Steel,France,valid,0,0.127,synthetic
MANN-0064,B-1247,Supplier-C,Carbon,Sweden,valid,0,0.238,synthetic
MANN-0039,B-1413,Supplier-B,Carbon,Sweden,valid,0,0.439,synthetic
MANN-0006,B-9395,Supplier-E,Manganese,Sweden,valid,0,0.244,synthetic
MANN-0042,B-4569,Supplier-B,Carbon,Sweden,missing,1,0.618,synthetic
MANN-0055,B-2187,Supplier-A,Chromium,Netherlands,valid,0,0.156,synthetic
MANN-0042,B-2956,Supplier-E,Nickel,Netherlands,missing,1,0.824,synthetic
MANN-0031,B-7085,Supplier-B,Manganese,Germany,missing,0,0.409,synthetic
MANN-0062,B-6306,Supplier-D,Manganese,Germany,valid,0,0.106,synthetic
MANN-0020,B-1955,Supplier-D,Manganese,Poland,expired,1,0.846,synthetic
MANN-0075,B-2314,Supplier-A,Steel,Poland,valid,0,0.327,synthetic
MANN-0050,B-7004,Supplier-C,Carbon,Netherlands,valid,0,0.42,synthetic
MANN-0056,B-8624,Supplier-C,Chromium,Netherlands,expired,0,0.573,synthetic
MANN-0020,B-7066,Supplier-E,Manganese,Germany,valid,0,0.18,synthetic
MANN-0029,B-4715,Supplier-A,Chromium,Poland,expired,0,0.258,synthetic
MANN-0040,B-7415,Supplier-C,Chromium,France,valid,1,0.616,synthetic
MANN-0004,B-6734,Supplier-B,Steel,France,missing,0,0.519,synthetic
MANN-0027,B-8608,Supplier-E,Manganese,Netherlands,valid,0,0.165,synthetic
MANN-0045,B-9811,Supplier-D,Steel,Germany,valid,0,0.338,synthetic
MANN-0011,B-5558,Supplier-E,Steel,France,missing,0,0.559,synthetic
MANN-0047,B-7945,Supplier-E,Carbon,France,valid,0,0.394,synthetic
MANN-0076,B-8781,Supplier-A,Chromium,Netherlands,valid,0,0.051,synthetic
MANN-0037,B-5793,Supplier-C,Nickel,Sweden,valid,0,0.076,synthetic
MANN-0070,B-7210,Supplier-B,Manganese,France,expired,0,0.267,synthetic
MANN-0048,B-6813,Supplier-D,Chromium,France,valid,0,0.286,synthetic
MANN-0019,B-5286,Supplier-B,Steel,Poland,expired,0,0.532,synthetic
MANN-0045,B-8361,Supplier-A,Steel,Germany,expired,0,0.628,synthetic
MANN-0067,B-8926,Supplier-B,Steel,Netherlands,expired,0,0.326,synthetic
MANN-0079,B-2041,Supplier-A,Nickel,Germany,expired,1,0.712,synthetic
MANN-0065,B-3677,Supplier-D,Nickel,Poland,expired,0,0.399,synthetic
MANN-0057,B-4356,Supplier-A,Nickel,Poland,expired,1,0.752,synthetic
MANN-0038,B-5112,Supplier-E,Steel,France,valid,0,0.417,synthetic
MANN-0013,B-1480,Supplier-C,Chromium,Germany,missing,0,0.521,synthetic
MANN-0061,B-1959,Supplier-D,Nickel,Sweden,missing,1,0.692,synthetic
MANN-0047,B-3010,Supplier-A,Manganese,Poland,missing,0,0.491,synthetic
MANN-0064,B-9316,Supplier-B,Chromium,France,valid,0,0.348,synthetic
MANN-0073,B-8560,Supplier-A,Chromium,Germany,missing,0,0.685,synthetic
MANN-0046,B-5092,Supplier-C,Steel,Germany,valid,0,0.438,synthetic
MANN-0024,B-8918,Supplier-A,Carbon,Poland,missing,0,0.456,synthetic
MANN-0049,B-9361,Supplier-A,Carbon,Poland,expired,0,0.348,synthetic
MANN-0001,B-5911,Supplier-E,Steel,Germany,expired,1,0.762,synthetic
MANN-0024,B-3901,Supplier-B,Chromium,France,expired,0,0.283,synthetic
MANN-0064,B-9699,Supplier-D,Carbon,France,missing,0,0.553,synthetic
MANN-0043,B-9540,Supplier-B,Manganese,Germany,valid,0,0.379,synthetic
MANN-0026,B-4928,Supplier-C,Chromium,Poland,missing,0,0.446,synthetic
MANN-0005,B-5125,Supplier-D,Chromium,France,valid,0,0.268,synthetic
MANN-0030,B-6988,Supplier-D,Carbon,Sweden,valid,0,0.388,synthetic
MANN-0060,B-5580,Supplier-C,Chromium,Poland,valid,0,0.257,synthetic
MANN-0006,B-1755,Supplier-A,Carbon,Sweden,valid,0,0.095,synthetic
MANN-0074,B-2653,Supplier-E,Chromium,Poland,valid,1,0.356,synthetic
MANN-0004,B-7540,Supplier-E,Chromium,Poland,missing,0,0.748,synthetic
MANN-0016,B-9125,Supplier-D,Nickel,Poland,valid,0,0.18,synthetic
MANN-0020,B-2670,Supplier-D,Chromium,Netherlands,missing,0,0.397,synthetic
MANN-0033,B-1662,Supplier-D,Nickel,Sweden,valid,1,0.413,synthetic
MANN-0029,B-9634,Supplier-D,Carbon,Sweden,valid,0,0.225,synthetic
MANN-0058,B-9498,Supplier-A,Manganese,Poland,missing,0,0.499,synthetic
MANN-0046,B-8819,Supplier-A,Steel,Germany,valid,0,0.44,synthetic
MANN-0002,B-2814,Supplier-E,Manganese,Poland,valid,0,0.321,synthetic
MANN-0011,B-1792,Supplier-C,Nickel,Poland,missing,0,0.748,synthetic
MANN-0057,B-3322,Supplier-A,Carbon,Poland,expired,0,0.409,synthetic
MANN-0061,B-6645,Supplier-A,Steel,Netherlands,valid,0,0.258,synthetic
MANN-0008,B-5047,Supplier-E,Nickel,France,expired,0,0.634,synthetic
MANN-0052,B-9142,Supplier-E,Steel,France,missing,0,0.428,synthetic
MANN-0001,B-9866,Supplier-C,Carbon,Poland,expired,0,0.335,synthetic
MANN-0061,B-7481,Supplier-E,Nickel,Germany,valid,0,0.442,synthetic
MANN-0059,B-8312,Supplier-B,Nickel,Germany,valid,0,0.253,synthetic
MANN-0022,B-4129,Supplier-A,Carbon,France,valid,0,0.138,synthetic
MANN-0045,B-5274,Supplier-A,Carbon,Sweden,expired,0,0.502,synthetic
MANN-0063,B-2707,Supplier-A,Carbon,Netherlands,valid,0,0.142,synthetic
MANN-0008,B-4944,Supplier-A,Nickel,Germany,valid,0,0.232,synthetic
MANN-0068,B-3042,Supplier-A,Manganese,Germany,valid,0,0.264,synthetic
MANN-0072,B-3140,Supplier-D,Chromium,Sweden,expired,0,0.461,synthetic
MANN-0073,B-9618,Supplier-E,Manganese,Germany,expired,1,0.582,synthetic
MANN-0043,B-9328,Supplier-D,Steel,Sweden,valid,0,0.058,synthetic
MANN-0056,B-8820,Supplier-B,Carbon,Netherlands,valid,0,0.35,synthetic
MANN-0063,B-7386,Supplier-C,Chromium,Sweden,missing,0,0.668,synthetic
MANN-0002,B-3979,Supplier-C,Nickel,France,expired,0,0.622,synthetic
MANN-0066,B-1808,Supplier-A,Steel,Sweden,valid,0,0.324,synthetic
MANN-0059,B-8495,Supplier-E,Carbon,Germany,valid,0,0.276,synthetic
MANN-0018,B-8857,Supplier-C,Manganese,France,expired,1,0.838,synthetic
MANN-0038,B-9552,Supplier-A,Carbon,Poland,expired,0,0.446,synthetic
MANN-0003,B-6854,Supplier-B,Steel,France,missing,0,0.48,synthetic
MANN-0074,B-6584,Supplier-D,Nickel,Poland,missing,0,0.352,synthetic
MANN-0043,B-4717,Supplier-D,Steel,Germany,valid,1,0.612,synthetic
MANN-0060,B-7708,Supplier-C,Steel,Germany,valid,0,0.176,synthetic
MANN-0033,B-4143,Supplier-E,Steel,Netherlands,expired,0,0.258,synthetic
MANN-0058,B-6975,Supplier-B,Manganese,Poland,valid,0,0.122,synthetic
MANN-0079,B-5193,Supplier-B,Nickel,Germany,expired,0,0.421,synthetic
MANN-0026,B-8909,Supplier-E,Nickel,Sweden,valid,0,0.299,synthetic
MANN-0066,B-3796,Supplier-E,Chromium,Netherlands,valid,0,0.165,synthetic
MANN-0022,B-7142,Supplier-B,Chromium,Germany,valid,1,0.679,synthetic
MANN-0045,B-9242,Supplier-B,Carbon,Sweden,expired,0,0.481,synthetic
MANN-0046,B-4781,Supplier-A,Nickel,Poland,expired,0,0.632,synthetic
MANN-0064,B-2848,Supplier-D,Nickel,Sweden,valid,0,0.195,synthetic
MANN-0028,B-6496,Supplier-B,Nickel,Sweden,expired,0,0.501,synthetic
MANN-0061,B-9777,Supplier-C,Chromium,Netherlands,missing,0,0.598,synthetic
MANN-0042,B-2857,Supplier-D,Manganese,Sweden,valid,1,0.364,synthetic
MANN-0051,B-9226,Supplier-E,Carbon,Netherlands,valid,0,0.151,synthetic
MANN-0054,B-3124,Supplier-D,Manganese,Germany,missing,0,0.662,synthetic
MANN-0036,B-3318,Supplier-C,Manganese,Germany,valid,0,0.363,synthetic
MANN-0005,B-9280,Supplier-B,Nickel,Netherlands,valid,0,0.094,synthetic
MANN-0049,B-2835,Supplier-B,Nickel,Sweden,missing,0,0.446,synthetic
MANN-0059,B-6670,Supplier-A,Nickel,Poland,expired,0,0.486,synthetic
MANN-0009,B-3765,Supplier-D,Chromium,Poland,valid,0,0.053,synthetic
MANN-0066,B-6410,Supplier-E,Nickel,Netherlands,valid,0,0.299,synthetic
MANN-0056,B-3389,Supplier-E,Chromium,Netherlands,valid,0,0.401,synthetic
MANN-0020,B-5892,Supplier-B,Chromium,Poland,missing,0,0.424,synthetic
MANN-0077,B-6218,Supplier-A,Steel,Netherlands,missing,0,0.426,synthetic
MANN-0008,B-6629,Supplier-D,Nickel,Poland,expired,0,0.372,synthetic
MANN-0018,B-5758,Supplier-D,Carbon,Netherlands,valid,0,0.362,synthetic
MANN-0012,B-8345,Supplier-A,Carbon,Netherlands,valid,0,0.195,synthetic
MANN-0038,B-7288,Supplier-A,Chromium,Germany,valid,0,0.405,synthetic
MANN-0017,B-5797,Supplier-D,Chromium,Sweden,valid,0,0.402,synthetic
MANN-0004,B-7692,Supplier-D,Manganese,Germany,valid,0,0.25,synthetic
MANN-0078,B-7606,Supplier-D,Nickel,Sweden,valid,0,0.285,synthetic
MANN-0061,B-4917,Supplier-C,Steel,Sweden,valid,0,0.054,synthetic
MANN-0020,B-1038,Supplier-C,Steel,Poland,valid,0,0.212,synthetic
MANN-0035,B-5962,Supplier-A,Chromium,Netherlands,expired,0,0.278,synthetic
MANN-0008,B-6221,Supplier-A,Manganese,Netherlands,missing,0,0.394,synthetic
MANN-0060,B-1899,Supplier-E,Steel,Germany,valid,1,0.678,synthetic
MANN-0055,B-2321,Supplier-C,Nickel,Germany,valid,0,0.121,synthetic
MANN-0071,B-2158,Supplier-A,Manganese,Sweden,valid,0,0.101,synthetic
MANN-0049,B-4411,Supplier-C,Manganese,Sweden,valid,0,0.151,synthetic
MANN-0024,B-7834,Supplier-B,Carbon,France,missing,0,0.448,synthetic
MANN-0005,B-6505,Supplier-B,Steel,Sweden,valid,0,0.376,synthetic
MANN-0008,B-1632,Supplier-E,Steel,France,missing,0,0.707,synthetic
MANN-0020,B-4910,Supplier-D,Nickel,France,valid,0,0.122,synthetic
MANN-0017,B-4282,Supplier-E,Steel,France,missing,0,0.408,synthetic
MANN-0005,B-1331,Supplier-E,Chromium,France,missing,0,0.551,synthetic
MANN-0056,B-1115,Supplier-A,Chromium,Netherlands,valid,0,0.183,synthetic
MANN-0074,B-3520,Supplier-D,Steel,France,valid,0,0.085,synthetic
MANN-0012,B-1393,Supplier-B,Manganese,Poland,missing,0,0.504,synthetic
MANN-0017,B-7098,Supplier-A,Chromium,Sweden,valid,0,0.104,synthetic
MANN-0025,B-3363,Supplier-B,Chromium,Netherlands,valid,0,0.235,synthetic
MANN-0028,B-9673,Supplier-D,Manganese,Poland,valid,0,0.208,synthetic
MANN-0064,B-7882,Supplier-D,Manganese,Sweden,valid,0,0.284,synthetic
MANN-0012,B-2745,Supplier-C,Steel,France,expired,0,0.421,synthetic
MANN-0052,B-5238,Supplier-D,Steel,France,valid,0,0.148,synthetic
MANN-0059,B-8700,Supplier-B,Carbon,Netherlands,valid,1,0.691,synthetic
MANN-0062,B-8402,Supplier-C,Chromium,Sweden,expired,0,0.568,synthetic
MANN-0049,B-6885,Supplier-C,Steel,Germany,missing,0,0.43,synthetic
MANN-0005,B-3685,Supplier-E,Nickel,France,valid,0,0.139,synthetic
MANN-0035,B-8272,Supplier-D,Steel,Netherlands,expired,0,0.641,synthetic
MANN-0022,B-8727,Supplier-D,Carbon,Poland,missing,0,0.575,synthetic
MANN-0076,B-6681,Supplier-B,Chromium,Poland,missing,1,0.88,synthetic
MANN-0009,B-6674,Supplier-B,Manganese,France,missing,0,0.735,synthetic
MANN-0001,B-4964,Supplier-C,Manganese,Germany,valid,1,0.611,synthetic
MANN-0028,B-9830,Supplier-E,Manganese,Netherlands,expired,0,0.523,synthetic
MANN-0016,B-6029,Supplier-C,Carbon,France,valid,0,0.117,synthetic
MANN-0065,B-5755,Supplier-C,Steel,Netherlands,missing,0,0.645,synthetic
MANN-0026,B-2360,Supplier-C,Carbon,Poland,valid,0,0.428,synthetic
MANN-0039,B-9854,Supplier-C,Carbon,Poland,missing,0,0.705,synthetic
MANN-0004,B-6431,Supplier-A,Manganese,Netherlands,missing,0,0.723,synthetic
MANN-0047,B-9674,Supplier-A,Manganese,Poland,valid,0,0.283,synthetic
MANN-0056,B-8252,Supplier-C,Nickel,Poland,expired,0,0.511,synthetic
MANN-0069,B-2702,Supplier-E,Steel,Germany,valid,0,0.17,synthetic
MANN-0037,B-2455,Supplier-B,Manganese,France,valid,0,0.156,synthetic
MANN-0054,B-5401,Supplier-C,Chromium,France,valid,0,0.123,synthetic
MANN-0016,B-6286,Supplier-A,Nickel,Germany,expired,1,0.62,synthetic
MANN-0064,B-9335,Supplier-D,Chromium,Germany,valid,0,0.196,synthetic
MANN-0010,B-5942,Supplier-D,Carbon,Sweden,valid,0,0.22,synthetic
MANN-0030,B-2053,Supplier-A,Manganese,Poland,expired,0,0.582,synthetic
MANN-0055,B-6727,Supplier-D,Chromium,Netherlands,expired,0,0.44,synthetic
MANN-0048,B-8929,Supplier-E,Nickel,Netherlands,valid,0,0.144,synthetic
